seed,est0,est1,est2,est3,est4,est5,est6,est7,est8,est9,hasMet,tau,nStep,nXstep,timeTaken
0,0.225,0.995,1.0,1.0,1.0,1.0,1.0,1.0,1.0,1.0,True,8,15,8,0.72
200,0.99,1.0,1.0,1.0,1.0,1.0,1.0,1.0,1.0,1.0,True,2,3,2,0.12
400,1.0,1.0,1.0,1.0,1.0,1.0,1.0,1.0,1.0,1.0,True,1,1,1,0.04
1,0.185,1.005,1.0,1.0,1.0,1.0,1.0,1.0,1.0,1.0,True,6,11,6,0.57
201,0.705,0.995,0.995,1.0,1.0,1.0,1.0,1.0,1.0,1.0,True,4,7,4,0.36
401,0.695,1.0,1.0,1.0,1.0,1.0,1.0,1.0,1.0,1.0,True,6,11,6,0.52
2,0.015,0.995,1.0,1.0,1.0,1.0,1.0,1.0,1.0,1.0,True,7,13,7,0.48
202,0.69,1.005,1.0,1.0,1.0,1.0,1.0,1.0,1.0,1.0,True,6,11,6,0.42
402,,,,,,,,,,,False,-1,8459,4230,400.05
3,0.41,1.0,1.0,1.0,1.0,1.0,1.0,1.0,1.0,1.0,True,7,13,7,0.55
203,-0.46,1.0,1.0,1.0,1.0,1.0,1.0,1.0,1.0,1.0,True,13,25,13,0.97
403,0.875,0.995,1.0,1.0,1.0,1.0,1.0,1.0,1.0,1.0,True,4,7,4,0.26
4,1.0,1.0,1.0,1.0,1.0,1.0,1.0,1.0,1.0,1.0,True,1,1,1,0.04
204,0.725,0.99,0.995,1.0,1.0,1.0,1.0,1.0,1.0,1.0,True,6,11,6,0.48
404,1.0,1.0,1.0,1.0,1.0,1.0,1.0,1.0,1.0,1.0,True,1,1,1,0.04
5,1.0,1.0,1.0,1.0,1.0,1.0,1.0,1.0,1.0,1.0,True,1,1,1,0.04
205,0.68,1.0,1.0,1.0,1.0,1.0,1.0,1.0,1.0,1.0,True,5,9,5,0.39
405,0.965,1.005,1.0,1.0,1.0,1.0,1.0,1.0,1.0,1.0,True,5,9,5,0.38
6,0.225,1.0,1.0,1.0,1.0,1.0,1.0,1.0,1.0,1.0,True,6,11,6,0.46
206,0.755,1.0,0.995,0.995,1.0,1.0,1.0,1.0,1.0,1.0,True,5,9,5,0.43
406,0.47,1.0,1.0,1.0,1.0,1.0,1.0,1.0,1.0,1.0,True,6,11,6,0.46
7,0.805,1.0,1.0,1.0,1.0,1.0,1.0,1.0,1.0,1.0,True,4,7,4,0.3
207,1.0,1.0,1.0,1.0,1.0,1.0,1.0,1.0,1.0,1.0,True,1,1,1,0.04
407,1.0,1.0,1.0,1.0,1.0,1.0,1.0,1.0,1.0,1.0,True,1,1,1,0.04
8,0.385,1.0,1.0,1.0,1.0,1.0,1.0,1.0,1.0,1.0,True,6,11,6,0.48
208,0.645,1.0,1.0,1.0,1.0,1.0,1.0,1.0,1.0,1.0,True,6,11,6,0.48
408,0.545,1.0,1.0,1.0,1.0,1.0,1.0,1.0,1.0,1.0,True,5,9,5,0.39
9,1.0,1.0,1.0,1.0,1.0,1.0,1.0,1.0,1.0,1.0,True,1,1,1,0.03
209,,,,,,,,,,,False,-1,8143,4072,400.03
409,0.415,0.995,1.005,1.0,1.0,1.0,1.0,1.0,1.0,1.0,True,9,17,9,0.57
10,-33.205,-46.725,-25.795,0.885,1.0,1.0,1.0,1.0,1.0,1.0,True,193,385,193,20.4
210,0.53,0.99,0.995,1.0,1.0,1.0,1.0,1.0,1.0,1.0,True,8,15,8,0.67
410,0.18,0.995,1.0,1.0,1.0,1.0,1.0,1.0,1.0,1.0,True,10,19,10,0.76
11,,,,,,,,,,,False,-1,8275,4138,400.02
211,,,,,,,,,,,False,-1,8633,4317,400.01
411,0.885,1.0,1.0,1.0,1.0,1.0,1.0,1.0,1.0,1.0,True,4,7,4,0.24
12,0.165,0.97,1.0,1.0,1.0,1.0,1.0,1.0,1.0,1.0,True,7,13,7,0.6
212,0.655,0.995,1.0,1.0,1.0,1.0,1.0,1.0,1.0,1.0,True,6,11,6,0.48
412,0.58,1.0,1.0,1.0,1.0,1.0,1.0,1.0,1.0,1.0,True,7,13,7,0.56
13,0.61,0.545,0.715,1.01,1.0,1.0,1.0,1.0,1.0,1.0,True,15,29,15,1.67
213,0.28,1.0,1.0,1.0,1.0,1.0,1.0,1.0,1.0,1.0,True,7,13,7,0.67
413,1.0,1.0,1.0,1.0,1.0,1.0,1.0,1.0,1.0,1.0,True,1,1,1,0.04
14,0.28,1.0,1.0,1.0,1.0,1.0,1.0,1.0,1.0,1.0,True,6,11,6,0.41
214,0.74,1.0,1.0,1.0,1.0,1.0,1.0,1.0,1.0,1.0,True,6,11,6,0.42
414,0.565,1.01,1.0,1.0,1.0,1.0,1.0,1.0,1.0,1.0,True,5,9,5,0.34
15,0.81,1.0,1.0,1.0,1.0,1.0,1.0,1.0,1.0,1.0,True,5,9,5,0.39
215,1.0,1.0,1.0,1.0,1.0,1.0,1.0,1.0,1.0,1.0,True,1,1,1,0.04
415,0.525,1.0,1.0,1.0,1.0,1.0,1.0,1.0,1.0,1.0,True,6,11,6,0.48
16,0.415,1.0,1.0,1.0,1.0,1.0,1.0,1.0,1.0,1.0,True,6,11,6,0.55
216,0.345,0.995,1.0,1.0,1.0,1.0,1.0,1.0,1.0,1.0,True,7,13,7,0.63
416,1.0,1.0,1.0,1.0,1.0,1.0,1.0,1.0,1.0,1.0,True,1,1,1,0.04
17,0.82,1.0,1.0,1.0,1.0,1.0,1.0,1.0,1.0,1.0,True,5,9,5,0.43
217,,,,,,,,,,,False,-1,8245,4123,400.07
417,0.89,1.0,1.0,1.0,1.0,1.0,1.0,1.0,1.0,1.0,True,4,7,4,0.26
18,0.045,0.99,1.0,1.0,1.0,1.0,1.0,1.0,1.0,1.0,True,7,13,7,0.44
218,0.065,1.005,1.0,1.0,1.0,1.0,1.0,1.0,1.0,1.0,True,7,13,7,0.44
418,-8.535,-9.645,0.865,0.955,0.985,0.995,1.0,1.0,1.0,1.0,True,56,111,56,4.57
19,,,,,,,,,,,False,-1,8175,4088,400.05
219,,,,,,,,,,,False,-1,8547,4274,400.07
419,0.055,0.19,0.97,0.99,1.0,1.0,1.0,1.0,1.0,1.0,True,14,27,14,1.08
20,0.565,0.995,1.0,1.0,1.0,1.0,1.0,1.0,1.0,1.0,True,7,13,7,0.59
220,1.0,1.0,1.0,1.0,1.0,1.0,1.0,1.0,1.0,1.0,True,1,1,1,0.04
420,0.645,1.0,1.0,1.0,1.0,1.0,1.0,1.0,1.0,1.0,True,5,9,5,0.39
21,0.94,1.24,0.99,1.01,1.0,1.0,1.0,1.0,1.0,1.0,True,34,67,34,2.84
221,0.505,0.99,1.0,1.0,1.0,1.0,1.0,1.0,1.0,1.0,True,8,15,8,0.52
421,,,,,,,,,,,False,-1,8319,4160,400.03
22,-9.41,-14.83,-11.17,0.945,1.0,1.0,1.0,1.0,1.0,1.0,True,126,251,126,13.73
222,0.625,1.0,1.0,1.0,1.0,1.0,1.0,1.0,1.0,1.0,True,5,9,5,0.33
422,0.315,1.0,1.0,1.0,1.0,1.0,1.0,1.0,1.0,1.0,True,6,11,6,0.4
23,0.53,1.005,1.0,1.0,1.0,1.0,1.0,1.0,1.0,1.0,True,7,13,7,0.58
223,0.255,0.99,1.0,1.0,1.0,1.0,1.0,1.0,1.0,1.0,True,7,13,7,0.62
423,0.15,1.0,1.0,1.0,1.0,1.0,1.0,1.0,1.0,1.0,True,6,11,6,0.49
24,-0.215,0.985,0.995,1.0,1.0,1.0,1.0,1.0,1.0,1.0,True,7,13,7,0.47
224,0.585,0.985,1.0,1.0,1.0,1.0,1.0,1.0,1.0,1.0,True,8,15,8,0.61
424,0.255,0.955,0.985,0.995,1.0,1.0,1.0,1.0,1.0,1.0,True,7,13,7,0.49
25,0.245,0.995,0.995,1.0,1.0,1.0,1.0,1.0,1.0,1.0,True,8,15,8,0.71
225,0.375,0.99,1.0,1.0,1.0,1.0,1.0,1.0,1.0,1.0,True,5,9,5,0.41
425,0.81,0.995,1.0,1.0,1.0,1.0,1.0,1.0,1.0,1.0,True,6,11,6,0.53
26,0.35,1.0,1.0,1.0,1.0,1.0,1.0,1.0,1.0,1.0,True,6,11,6,0.47
226,0.635,0.985,1.0,1.0,1.0,1.0,1.0,1.0,1.0,1.0,True,6,11,6,0.54
426,1.0,1.0,1.0,1.0,1.0,1.0,1.0,1.0,1.0,1.0,True,1,1,1,0.03
27,,,,,,,,,,,False,-1,8213,4107,400.01
227,,,,,,,,,,,False,-1,8641,4321,400.02
427,0.985,0.985,1.0,1.0,1.0,1.0,1.0,1.0,1.0,1.0,True,5,9,5,0.31
28,0.415,1.0,1.0,1.0,1.0,1.0,1.0,1.0,1.0,1.0,True,6,11,6,0.48
228,1.0,1.0,1.0,1.0,1.0,1.0,1.0,1.0,1.0,1.0,True,1,1,1,0.04
428,,,,,,,,,,,False,-1,8157,4079,400.01
29,0.515,0.99,1.0,1.0,1.0,1.0,1.0,1.0,1.0,1.0,True,6,11,6,0.51
229,1.0,1.0,1.0,1.0,1.0,1.0,1.0,1.0,1.0,1.0,True,1,1,1,0.04
429,0.98,0.99,1.0,1.0,1.0,1.0,1.0,1.0,1.0,1.0,True,3,5,3,0.23
30,1.0,1.0,1.0,1.0,1.0,1.0,1.0,1.0,1.0,1.0,True,1,1,1,0.03
230,,,,,,,,,,,False,-1,8269,4135,400.09
430,,,,,,,,,,,False,-1,8637,4319,400.07
31,0.845,1.0,1.0,1.0,1.0,1.0,1.0,1.0,1.0,1.0,True,5,9,5,0.41
231,,,,,,,,,,,False,-1,8137,4069,400.08
431,0.375,1.0,1.0,1.0,1.0,1.0,1.0,1.0,1.0,1.0,True,5,9,5,0.34
32,1.0,1.0,1.0,1.0,1.0,1.0,1.0,1.0,1.0,1.0,True,1,1,1,0.04
232,0.705,0.99,0.995,1.0,1.0,1.0,1.0,1.0,1.0,1.0,True,4,7,4,0.36
432,1.0,1.0,1.0,1.0,1.0,1.0,1.0,1.0,1.0,1.0,True,1,1,1,0.04
33,,,,,,,,,,,False,-1,8073,4037,400.07
233,,,,,,,,,,,False,-1,8299,4150,400.01
433,0.69,1.0,1.0,1.0,1.0,1.0,1.0,1.0,1.0,1.0,True,7,13,7,0.45
34,,,,,,,,,,,False,-1,8237,4119,400.04
234,0.77,1.0,1.0,1.0,1.0,1.0,1.0,1.0,1.0,1.0,True,5,9,5,0.34
434,0.51,1.0,1.0,1.0,1.0,1.0,1.0,1.0,1.0,1.0,True,6,11,6,0.43
35,1.0,1.0,1.0,1.0,1.0,1.0,1.0,1.0,1.0,1.0,True,1,1,1,0.04
235,0.8,0.985,1.0,1.0,1.0,1.0,1.0,1.0,1.0,1.0,True,5,9,5,0.41
435,0.215,1.0,1.0,1.0,1.0,1.0,1.0,1.0,1.0,1.0,True,7,13,7,0.59
36,1.0,1.0,1.0,1.0,1.0,1.0,1.0,1.0,1.0,1.0,True,1,1,1,0.04
236,0.65,1.0,1.0,1.0,1.0,1.0,1.0,1.0,1.0,1.0,True,5,9,5,0.38
436,0.545,0.985,0.995,1.0,1.0,1.0,1.0,1.0,1.0,1.0,True,6,11,6,0.52
37,0.185,1.0,1.0,1.0,1.0,1.0,1.0,1.0,1.0,1.0,True,10,19,10,1.01
237,0.595,1.0,1.0,1.0,1.0,1.0,1.0,1.0,1.0,1.0,True,6,11,6,0.57
437,,,,,,,,,,,False,-1,8343,4172,400.02
38,0.065,1.0,1.005,1.0,1.0,1.0,1.0,1.0,1.0,1.0,True,9,17,9,0.86
238,,,,,,,,,,,False,-1,8113,4057,400.04
438,0.59,0.995,1.0,1.0,1.0,1.0,1.0,1.0,1.0,1.0,True,7,13,7,0.48
39,0.82,1.0,1.0,1.0,1.0,1.0,1.0,1.0,1.0,1.0,True,8,15,8,0.67
239,0.245,0.985,1.0,1.0,1.0,1.0,1.0,1.0,1.0,1.0,True,6,11,6,0.52
439,2.485,3.25,0.635,1.0,1.0,1.0,1.0,1.0,1.0,1.0,True,43,85,43,4.5
40,0.415,0.985,1.0,1.0,1.0,1.0,1.0,1.0,1.0,1.0,True,6,11,6,0.51
240,1.0,1.0,1.0,1.0,1.0,1.0,1.0,1.0,1.0,1.0,True,1,1,1,0.04
440,,,,,,,,,,,False,-1,8097,4049,400.06
41,0.31,1.015,1.01,1.0,1.0,1.0,1.0,1.0,1.0,1.0,True,7,13,7,0.69
241,0.61,1.0,1.0,1.0,1.0,1.0,1.0,1.0,1.0,1.0,True,5,9,5,0.4
441,0.66,1.0,1.0,1.0,1.0,1.0,1.0,1.0,1.0,1.0,True,5,9,5,0.46
42,1.0,1.0,1.0,1.0,1.0,1.0,1.0,1.0,1.0,1.0,True,1,1,1,0.04
242,1.0,1.0,1.0,1.0,1.0,1.0,1.0,1.0,1.0,1.0,True,1,1,1,0.04
442,1.0,1.0,1.0,1.0,1.0,1.0,1.0,1.0,1.0,1.0,True,1,1,1,0.04
43,-13.775,-21.715,-15.76,0.94,0.995,1.0,1.0,1.0,1.0,1.0,True,128,255,128,11.91
243,-19.615,-27.63,-14.38,0.94,1.0,1.0,1.0,1.0,1.0,1.0,True,177,353,177,15.64
443,0.115,0.995,1.0,1.0,1.0,1.0,1.0,1.0,1.0,1.0,True,6,11,6,0.38
44,1.0,1.0,1.0,1.0,1.0,1.0,1.0,1.0,1.0,1.0,True,1,1,1,0.04
244,0.545,0.99,1.0,1.0,1.0,1.0,1.0,1.0,1.0,1.0,True,6,11,6,0.53
444,1.0,1.0,1.0,1.0,1.0,1.0,1.0,1.0,1.0,1.0,True,1,1,1,0.04
45,0.635,0.945,0.985,0.995,1.0,1.0,1.0,1.0,1.0,1.0,True,6,11,6,0.46
245,-0.105,0.73,0.94,1.005,1.005,1.005,1.0,1.0,1.0,1.0,True,37,73,37,2.91
445,0.005,1.015,1.0,1.0,1.0,1.0,1.0,1.0,1.0,1.0,True,9,17,9,0.63
46,1.0,1.0,1.0,1.0,1.0,1.0,1.0,1.0,1.0,1.0,True,1,1,1,0.04
246,1.0,1.0,1.0,1.0,1.0,1.0,1.0,1.0,1.0,1.0,True,1,1,1,0.04
446,-0.0,1.0,1.0,1.0,1.0,1.0,1.0,1.0,1.0,1.0,True,9,17,9,0.76
47,-0.31,1.0,1.0,1.0,1.0,1.0,1.0,1.0,1.0,1.0,True,8,15,8,0.62
247,1.0,1.0,1.0,1.0,1.0,1.0,1.0,1.0,1.0,1.0,True,1,1,1,0.04
447,0.455,0.985,1.0,1.0,1.0,1.0,1.0,1.0,1.0,1.0,True,6,11,6,0.49
48,,,,,,,,,,,False,-1,8129,4065,400.03
248,1.0,1.0,1.0,1.0,1.0,1.0,1.0,1.0,1.0,1.0,True,1,1,1,0.03
448,0.91,1.0,1.0,1.0,1.0,1.0,1.0,1.0,1.0,1.0,True,4,7,4,0.25
49,0.825,0.995,1.0,1.0,1.0,1.0,1.0,1.0,1.0,1.0,True,4,7,4,0.36
249,-0.05,0.99,1.0,1.0,1.0,1.0,1.0,1.0,1.0,1.0,True,7,13,7,0.59
449,1.0,1.0,1.0,1.0,1.0,1.0,1.0,1.0,1.0,1.0,True,1,1,1,0.04
50,1.0,1.0,1.0,1.0,1.0,1.0,1.0,1.0,1.0,1.0,True,1,1,1,0.04
250,0.815,0.995,1.0,1.0,1.0,1.0,1.0,1.0,1.0,1.0,True,6,11,6,0.54
450,0.98,0.995,1.0,1.0,1.0,1.0,1.0,1.0,1.0,1.0,True,3,5,3,0.22
51,0.71,1.0,1.0,1.0,1.0,1.0,1.0,1.0,1.0,1.0,True,4,7,4,0.31
251,0.995,1.0,1.0,1.0,1.0,1.0,1.0,1.0,1.0,1.0,True,2,3,2,0.13
451,-0.7,1.005,1.0,1.0,1.0,1.0,1.0,1.0,1.0,1.0,True,10,19,10,0.8
52,1.0,1.0,1.0,1.0,1.0,1.0,1.0,1.0,1.0,1.0,True,1,1,1,0.04
252,1.0,1.0,1.0,1.0,1.0,1.0,1.0,1.0,1.0,1.0,True,1,1,1,0.04
452,0.67,0.995,1.0,1.0,1.0,1.0,1.0,1.0,1.0,1.0,True,5,9,5,0.39
53,1.0,1.0,1.0,1.0,1.0,1.0,1.0,1.0,1.0,1.0,True,1,1,1,0.04
253,1.0,1.0,1.0,1.0,1.0,1.0,1.0,1.0,1.0,1.0,True,1,1,1,0.04
453,0.59,1.0,1.0,1.0,1.0,1.0,1.0,1.0,1.0,1.0,True,10,19,10,0.84
54,0.945,1.0,1.0,1.0,1.0,1.0,1.0,1.0,1.0,1.0,True,3,5,3,0.23
254,1.0,1.0,1.0,1.0,1.0,1.0,1.0,1.0,1.0,1.0,True,1,1,1,0.04
454,0.415,1.0,1.0,1.0,1.0,1.0,1.0,1.0,1.0,1.0,True,6,11,6,0.47
55,0.315,0.93,0.99,1.0,1.0,1.0,1.0,1.0,1.0,1.0,True,7,13,7,0.49
255,0.46,1.0,1.0,1.0,1.0,1.0,1.0,1.0,1.0,1.0,True,9,17,9,0.6
455,0.6,1.0,1.0,1.0,1.0,1.0,1.0,1.0,1.0,1.0,True,5,9,5,0.31
56,0.59,0.99,1.0,1.0,1.0,1.0,1.0,1.0,1.0,1.0,True,7,13,7,0.58
256,0.875,1.0,1.0,1.0,1.0,1.0,1.0,1.0,1.0,1.0,True,6,11,6,0.49
456,1.0,1.0,1.0,1.0,1.0,1.0,1.0,1.0,1.0,1.0,True,1,1,1,0.04
57,0.655,0.995,1.0,1.0,1.0,1.0,1.0,1.0,1.0,1.0,True,6,11,6,0.5
257,0.94,0.95,0.94,1.0,1.005,1.0,1.0,1.0,1.0,1.0,True,32,63,32,3.25
457,0.245,0.995,1.0,1.0,1.0,1.0,1.0,1.0,1.0,1.0,True,7,13,7,0.49
58,0.04,0.995,0.995,1.0,1.0,1.0,1.0,1.0,1.0,1.0,True,6,11,6,0.4
258,0.57,1.0,1.0,1.0,1.0,1.0,1.0,1.0,1.0,1.0,True,5,9,5,0.3
458,-0.04,0.995,1.0,1.0,1.0,1.0,1.0,1.0,1.0,1.0,True,7,13,7,0.45
59,1.0,1.0,1.0,1.0,1.0,1.0,1.0,1.0,1.0,1.0,True,1,1,1,0.04
259,,,,,,,,,,,False,-1,8339,4170,400.04
459,0.68,1.0,1.0,1.0,1.0,1.0,1.0,1.0,1.0,1.0,True,4,7,4,0.23
60,,,,,,,,,,,False,-1,8571,4286,400.07
260,1.0,1.0,1.0,1.0,1.0,1.0,1.0,1.0,1.0,1.0,True,1,1,1,0.03
460,0.615,1.005,1.0,1.0,1.0,1.0,1.0,1.0,1.0,1.0,True,6,11,6,0.35
61,0.44,1.0,1.0,1.0,1.0,1.0,1.0,1.0,1.0,1.0,True,7,13,7,0.59
261,0.645,0.99,1.0,1.0,1.0,1.0,1.0,1.0,1.0,1.0,True,5,9,5,0.41
461,,,,,,,,,,,False,-1,8017,4009,400.03
62,0.995,1.0,1.0,1.0,1.0,1.0,1.0,1.0,1.0,1.0,True,2,3,2,0.12
262,0.295,0.99,1.0,1.0,1.0,1.0,1.0,1.0,1.0,1.0,True,7,13,7,0.59
462,0.545,1.02,1.005,1.0,1.0,1.0,1.0,1.0,1.0,1.0,True,7,13,7,0.61
63,0.26,0.995,1.0,1.0,1.0,1.0,1.0,1.0,1.0,1.0,True,7,13,7,0.46
263,0.63,0.995,1.0,1.0,1.0,1.0,1.0,1.0,1.0,1.0,True,5,9,5,0.36
463,0.995,1.0,1.0,1.0,1.0,1.0,1.0,1.0,1.0,1.0,True,2,3,2,0.12
64,0.595,0.98,0.995,1.0,1.0,1.0,1.0,1.0,1.0,1.0,True,6,11,6,0.44
264,0.185,1.0,1.0,1.0,1.0,1.0,1.0,1.0,1.0,1.0,True,7,13,7,0.45
464,1.0,1.0,1.0,1.0,1.0,1.0,1.0,1.0,1.0,1.0,True,1,1,1,0.03
65,0.62,0.995,1.0,1.0,1.0,1.0,1.0,1.0,1.0,1.0,True,5,9,5,0.35
265,0.3,1.03,1.0,1.0,1.0,1.0,1.0,1.0,1.0,1.0,True,6,11,6,0.41
465,0.46,1.0,1.0,1.0,1.0,1.0,1.0,1.0,1.0,1.0,True,8,15,8,0.57
66,0.91,1.0,1.0,1.0,1.0,1.0,1.0,1.0,1.0,1.0,True,4,7,4,0.34
266,1.0,1.0,1.0,1.0,1.0,1.0,1.0,1.0,1.0,1.0,True,1,1,1,0.04
466,0.085,0.98,0.995,1.0,1.0,1.0,1.0,1.0,1.0,1.0,True,10,19,10,0.86
67,0.795,1.0,1.0,1.0,1.0,1.0,1.0,1.0,1.0,1.0,True,7,13,7,0.56
267,1.0,1.0,1.0,1.0,1.0,1.0,1.0,1.0,1.0,1.0,True,1,1,1,0.04
467,0.39,0.99,1.0,1.0,1.0,1.0,1.0,1.0,1.0,1.0,True,6,11,6,0.51
68,0.325,1.0,1.0,1.0,1.0,1.0,1.0,1.0,1.0,1.0,True,8,15,8,0.64
268,0.735,0.99,1.0,1.0,1.0,1.0,1.0,1.0,1.0,1.0,True,6,11,6,0.51
468,0.62,1.0,1.0,1.0,1.0,1.0,1.0,1.0,1.0,1.0,True,5,9,5,0.43
69,,,,,,,,,,,False,-1,8307,4154,400.08
269,0.8,0.995,1.0,1.0,1.0,1.0,1.0,1.0,1.0,1.0,True,5,9,5,0.32
469,0.745,1.0,1.0,1.0,1.0,1.0,1.0,1.0,1.0,1.0,True,5,9,5,0.32
70,1.0,1.0,1.0,1.0,1.0,1.0,1.0,1.0,1.0,1.0,True,1,1,1,0.04
270,0.535,1.115,1.005,0.995,1.0,1.0,1.0,1.0,1.0,1.0,True,66,131,66,6.32
470,0.33,0.995,1.0,1.0,1.0,1.0,1.0,1.0,1.0,1.0,True,9,17,9,0.75
71,0.555,1.0,1.0,1.0,1.0,1.0,1.0,1.0,1.0,1.0,True,5,9,5,0.44
271,,,,,,,,,,,False,-1,8089,4045,400.1
471,0.505,0.99,1.0,1.0,1.0,1.0,1.0,1.0,1.0,1.0,True,5,9,5,0.33
72,5.04,7.065,1.03,1.005,1.005,1.0,1.0,1.0,1.0,1.0,True,73,145,73,6.26
272,0.8,0.99,1.0,1.0,1.0,1.0,1.0,1.0,1.0,1.0,True,4,7,4,0.27
472,0.61,1.0,1.0,1.0,1.0,1.0,1.0,1.0,1.0,1.0,True,5,9,5,0.32
73,0.365,1.0,1.0,1.0,1.0,1.0,1.0,1.0,1.0,1.0,True,6,11,6,0.49
273,1.0,1.0,1.0,1.0,1.0,1.0,1.0,1.0,1.0,1.0,True,1,1,1,0.04
473,0.33,1.005,1.0,1.0,1.0,1.0,1.0,1.0,1.0,1.0,True,6,11,6,0.54
74,1.0,1.0,1.0,1.0,1.0,1.0,1.0,1.0,1.0,1.0,True,1,1,1,0.04
274,0.26,0.955,0.985,1.0,1.0,1.0,1.0,1.0,1.0,1.0,True,8,15,8,0.7
474,0.71,0.98,1.0,1.0,1.0,1.0,1.0,1.0,1.0,1.0,True,6,11,6,0.51
75,5.085,7.25,1.015,1.01,1.0,1.0,1.0,1.0,1.0,1.0,True,59,117,59,5.94
275,1.0,1.0,1.0,1.0,1.0,1.0,1.0,1.0,1.0,1.0,True,1,1,1,0.04
475,-2.205,-2.235,1.02,1.01,1.0,1.0,1.0,1.0,1.0,1.0,True,60,119,60,5.52
76,,,,,,,,,,,False,-1,8113,4057,400.02
276,0.54,1.0,1.0,1.0,1.0,1.0,1.0,1.0,1.0,1.0,True,8,15,8,0.51
476,1.0,1.0,1.0,1.0,1.0,1.0,1.0,1.0,1.0,1.0,True,1,1,1,0.03
77,0.155,1.0,1.0,1.0,1.0,1.0,1.0,1.0,1.0,1.0,True,6,11,6,0.36
277,0.425,0.99,1.0,1.0,1.0,1.0,1.0,1.0,1.0,1.0,True,6,11,6,0.4
477,0.615,1.0,1.0,1.0,1.0,1.0,1.0,1.0,1.0,1.0,True,4,7,4,0.23
78,1.0,1.0,1.0,1.0,1.0,1.0,1.0,1.0,1.0,1.0,True,1,1,1,0.04
278,-0.015,0.995,1.0,1.0,1.0,1.0,1.0,1.0,1.0,1.0,True,6,11,6,0.47
478,0.66,1.005,1.0,1.0,1.0,1.0,1.0,1.0,1.0,1.0,True,6,11,6,0.49
79,0.585,0.99,1.0,1.0,1.0,1.0,1.0,1.0,1.0,1.0,True,6,11,6,0.4
279,0.775,0.995,1.0,1.0,1.0,1.0,1.0,1.0,1.0,1.0,True,4,7,4,0.25
479,0.42,0.995,1.0,1.0,1.0,1.0,1.0,1.0,1.0,1.0,True,6,11,6,0.37
80,0.335,0.995,0.995,1.0,1.0,1.0,1.0,1.0,1.0,1.0,True,7,13,7,0.64
280,0.865,1.0,1.0,1.0,1.0,1.0,1.0,1.0,1.0,1.0,True,4,7,4,0.29
480,1.0,1.0,1.0,1.0,1.0,1.0,1.0,1.0,1.0,1.0,True,1,1,1,0.04
81,0.07,0.68,0.96,1.0,1.0,1.0,1.0,1.0,1.0,1.0,True,16,31,16,2.0
281,1.0,1.0,1.0,1.0,1.0,1.0,1.0,1.0,1.0,1.0,True,1,1,1,0.04
481,0.585,0.97,0.995,1.0,1.0,1.0,1.0,1.0,1.0,1.0,True,6,11,6,0.6
82,,,,,,,,,,,False,-1,8461,4231,400.01
282,0.35,1.0,1.0,1.0,1.0,1.0,1.0,1.0,1.0,1.0,True,5,9,5,0.33
482,0.39,1.005,1.0,1.0,1.0,1.0,1.0,1.0,1.0,1.0,True,8,15,8,0.54
83,0.37,0.97,0.995,1.0,1.0,1.0,1.0,1.0,1.0,1.0,True,6,11,6,0.49
283,0.09,0.99,0.995,1.0,1.0,1.0,1.0,1.0,1.0,1.0,True,8,15,8,0.65
483,0.685,1.0,1.0,1.0,1.0,1.0,1.0,1.0,1.0,1.0,True,4,7,4,0.3
84,1.0,1.0,1.0,1.0,1.0,1.0,1.0,1.0,1.0,1.0,True,1,1,1,0.03
284,1.545,3.915,4.665,1.02,1.0,0.995,1.0,1.0,1.0,1.0,True,50,99,50,4.37
484,0.44,1.0,0.99,1.005,1.0,1.0,1.0,1.0,1.0,1.0,True,9,17,9,0.68
85,0.485,0.975,0.99,1.0,1.0,1.0,1.0,1.0,1.0,1.0,True,6,11,6,0.44
285,0.8,0.99,0.995,1.0,1.0,1.0,1.0,1.0,1.0,1.0,True,6,11,6,0.41
485,,,,,,,,,,,False,-1,8523,4262,400.04
86,1.0,1.0,1.0,1.0,1.0,1.0,1.0,1.0,1.0,1.0,True,1,1,1,0.04
286,0.59,1.0,1.0,1.0,1.0,1.0,1.0,1.0,1.0,1.0,True,6,11,6,0.58
486,0.665,1.0,1.0,1.0,1.0,1.0,1.0,1.0,1.0,1.0,True,4,7,4,0.34
87,1.0,1.0,1.0,1.0,1.0,1.0,1.0,1.0,1.0,1.0,True,1,1,1,0.04
287,0.565,1.0,1.0,1.0,1.0,1.0,1.0,1.0,1.0,1.0,True,7,13,7,0.56
487,0.585,0.99,0.995,1.0,1.0,1.0,1.0,1.0,1.0,1.0,True,5,9,5,0.43
88,0.92,1.0,1.0,1.0,1.0,1.0,1.0,1.0,1.0,1.0,True,5,9,5,0.45
288,0.61,0.975,0.995,1.0,1.0,1.0,1.0,1.0,1.0,1.0,True,7,13,7,0.58
488,0.405,1.0,1.0,1.0,1.0,1.0,1.0,1.0,1.0,1.0,True,5,9,5,0.39
89,1.0,1.0,1.0,1.0,1.0,1.0,1.0,1.0,1.0,1.0,True,1,1,1,0.04
289,0.545,0.995,1.0,1.0,1.0,1.0,1.0,1.0,1.0,1.0,True,5,9,5,0.42
489,0.3,1.0,1.0,1.0,1.0,1.0,1.0,1.0,1.0,1.0,True,8,15,8,0.68
90,0.635,1.0,1.0,1.0,1.0,1.0,1.0,1.0,1.0,1.0,True,5,9,5,0.39
290,0.405,0.98,1.005,1.0,1.0,1.0,1.0,1.0,1.0,1.0,True,7,13,7,0.7
490,1.0,1.0,1.0,1.0,1.0,1.0,1.0,1.0,1.0,1.0,True,1,1,1,0.04
91,1.0,1.0,1.0,1.0,1.0,1.0,1.0,1.0,1.0,1.0,True,1,1,1,0.04
291,-5.915,-5.835,1.885,0.985,0.995,1.0,1.0,1.0,1.0,1.0,True,51,101,51,5.37
491,0.99,0.995,1.0,1.0,1.0,1.0,1.0,1.0,1.0,1.0,True,3,5,3,0.21
92,0.605,0.995,1.0,1.0,1.0,1.0,1.0,1.0,1.0,1.0,True,5,9,5,0.44
292,13.3,17.24,5.025,1.055,1.0,1.0,1.0,1.0,1.0,1.0,True,75,149,75,7.11
492,0.17,0.995,1.0,1.0,1.0,1.0,1.0,1.0,1.0,1.0,True,11,21,11,0.83
93,0.77,1.0,1.0,1.0,1.0,1.0,1.0,1.0,1.0,1.0,True,6,11,6,0.5
293,0.8,0.995,1.0,1.0,1.0,1.0,1.0,1.0,1.0,1.0,True,5,9,5,0.4
493,1.0,1.0,1.0,1.0,1.0,1.0,1.0,1.0,1.0,1.0,True,1,1,1,0.04
94,0.59,1.0,1.0,1.0,1.0,1.0,1.0,1.0,1.0,1.0,True,7,13,7,0.59
294,0.52,1.0,1.0,1.0,1.0,1.0,1.0,1.0,1.0,1.0,True,5,9,5,0.44
494,0.655,1.0,1.0,1.0,1.0,1.0,1.0,1.0,1.0,1.0,True,5,9,5,0.42
95,1.0,1.0,1.0,1.0,1.0,1.0,1.0,1.0,1.0,1.0,True,1,1,1,0.04
295,0.285,0.99,1.0,1.0,1.0,1.0,1.0,1.0,1.0,1.0,True,6,11,6,0.53
495,0.675,1.0,1.0,1.0,1.0,1.0,1.0,1.0,1.0,1.0,True,5,9,5,0.4
96,0.46,0.96,1.0,1.0,1.0,1.0,1.0,1.0,1.0,1.0,True,7,13,7,0.59
296,0.995,1.0,1.0,1.0,1.0,1.0,1.0,1.0,1.0,1.0,True,2,3,2,0.13
496,,,,,,,,,,,False,-1,8181,4091,400.08
97,1.0,1.0,1.0,1.0,1.0,1.0,1.0,1.0,1.0,1.0,True,1,1,1,0.04
297,1.0,1.0,1.0,1.0,1.0,1.0,1.0,1.0,1.0,1.0,True,1,1,1,0.04
497,0.625,1.005,1.0,1.0,1.0,1.0,1.0,1.0,1.0,1.0,True,5,9,5,0.42
98,,,,,,,,,,,False,-1,7173,3587,400.09
298,0.62,1.0,1.0,1.0,1.0,1.0,1.0,1.0,1.0,1.0,True,9,17,9,0.75
498,0.87,0.99,0.995,1.0,1.0,1.0,1.0,1.0,1.0,1.0,True,4,7,4,0.33
99,1.0,1.0,1.0,1.0,1.0,1.0,1.0,1.0,1.0,1.0,True,1,1,1,0.03
299,-0.33,0.99,1.0,1.0,1.0,1.0,1.0,1.0,1.0,1.0,True,7,13,7,0.43
499,,,,,,,,,,,False,-1,8455,4228,400.07
100,1.0,1.0,1.0,1.0,1.0,1.0,1.0,1.0,1.0,1.0,True,1,1,1,0.04
300,1.0,1.0,1.0,1.0,1.0,1.0,1.0,1.0,1.0,1.0,True,1,1,1,0.04
500,0.415,1.0,1.0,1.0,1.0,1.0,1.0,1.0,1.0,1.0,True,6,11,6,0.48
101,0.765,1.0,1.0,1.0,1.0,1.0,1.0,1.0,1.0,1.0,True,7,13,7,0.47
301,0.565,1.215,1.15,1.0,1.0,1.0,1.0,1.0,1.0,1.0,True,79,157,79,6.15
501,0.635,1.0,1.0,1.0,1.0,1.0,1.0,1.0,1.0,1.0,True,4,7,4,0.24
102,0.37,1.0,1.0,1.0,1.0,1.0,1.0,1.0,1.0,1.0,True,7,13,7,0.58
302,0.77,1.0,1.0,1.0,1.0,1.0,1.0,1.0,1.0,1.0,True,4,7,4,0.29
502,0.72,1.0,1.0,1.0,1.0,1.0,1.0,1.0,1.0,1.0,True,4,7,4,0.3
103,1.0,1.0,1.0,1.0,1.0,1.0,1.0,1.0,1.0,1.0,True,1,1,1,0.04
303,1.0,1.0,1.0,1.0,1.0,1.0,1.0,1.0,1.0,1.0,True,1,1,1,0.04
503,1.0,1.0,1.0,1.0,1.0,1.0,1.0,1.0,1.0,1.0,True,1,1,1,0.04
104,0.315,1.0,1.0,1.0,1.0,1.0,1.0,1.0,1.0,1.0,True,9,17,9,0.72
304,0.28,1.0,1.0,1.0,1.0,1.0,1.0,1.0,1.0,1.0,True,7,13,7,0.59
504,0.605,1.0,1.0,1.0,1.0,1.0,1.0,1.0,1.0,1.0,True,6,11,6,0.45
105,1.0,1.0,1.0,1.0,1.0,1.0,1.0,1.0,1.0,1.0,True,1,1,1,0.04
305,1.0,1.0,1.0,1.0,1.0,1.0,1.0,1.0,1.0,1.0,True,1,1,1,0.04
505,-0.07,0.995,1.0,1.0,1.0,1.0,1.0,1.0,1.0,1.0,True,7,13,7,0.56
106,4.075,4.845,1.08,1.025,1.01,1.0,1.0,1.0,1.0,1.0,True,39,77,39,4.19
306,0.5,0.995,1.0,1.0,1.0,1.0,1.0,1.0,1.0,1.0,True,6,11,6,0.49
506,1.0,1.0,1.0,1.0,1.0,1.0,1.0,1.0,1.0,1.0,True,1,1,1,0.04
107,0.67,1.005,1.005,1.0,1.0,1.0,1.0,1.0,1.0,1.0,True,7,13,7,0.61
307,0.59,0.925,0.99,0.995,1.0,1.0,1.0,1.0,1.0,1.0,True,7,13,7,0.64
507,,,,,,,,,,,False,-1,8303,4152,400.04
108,0.125,0.985,1.0,1.0,1.0,1.0,1.0,1.0,1.0,1.0,True,7,13,7,0.48
308,-28.2,-40.685,-20.535,0.855,0.995,1.0,1.0,1.0,1.0,1.0,True,159,317,159,13.92
508,1.0,1.0,1.0,1.0,1.0,1.0,1.0,1.0,1.0,1.0,True,1,1,1,0.03
109,0.36,1.005,1.0,1.0,1.0,1.0,1.0,1.0,1.0,1.0,True,6,11,6,0.56
309,0.715,1.0,1.0,1.0,1.0,1.0,1.0,1.0,1.0,1.0,True,5,9,5,0.43
509,1.0,1.0,1.0,1.0,1.0,1.0,1.0,1.0,1.0,1.0,True,1,1,1,0.04
110,0.83,1.0,1.0,1.0,1.0,1.0,1.0,1.0,1.0,1.0,True,5,9,5,0.33
310,-0.16,0.985,1.0,1.0,1.0,1.0,1.0,1.0,1.0,1.0,True,8,15,8,0.5
510,0.605,1.0,1.0,1.0,1.0,1.0,1.0,1.0,1.0,1.0,True,6,11,6,0.38
111,1.0,1.0,1.0,1.0,1.0,1.0,1.0,1.0,1.0,1.0,True,1,1,1,0.04
311,-0.295,0.98,0.995,1.0,1.0,1.0,1.0,1.0,1.0,1.0,True,8,15,8,0.67
511,0.825,0.995,1.0,1.0,1.0,1.0,1.0,1.0,1.0,1.0,True,4,7,4,0.34
112,0.645,1.0,1.0,1.0,1.0,1.0,1.0,1.0,1.0,1.0,True,4,7,4,0.32
312,1.0,1.0,1.0,1.0,1.0,1.0,1.0,1.0,1.0,1.0,True,1,1,1,0.04
512,1.0,1.0,1.0,1.0,1.0,1.0,1.0,1.0,1.0,1.0,True,1,1,1,0.04
113,0.79,1.01,1.0,1.0,1.0,1.0,1.0,1.0,1.0,1.0,True,6,11,6,0.49
313,1.0,1.0,1.0,1.0,1.0,1.0,1.0,1.0,1.0,1.0,True,1,1,1,0.04
513,0.995,1.0,1.0,1.0,1.0,1.0,1.0,1.0,1.0,1.0,True,2,3,2,0.12
114,0.16,0.985,0.995,1.0,1.0,1.0,1.0,1.0,1.0,1.0,True,7,13,7,0.61
314,0.81,0.995,1.0,1.0,1.0,1.0,1.0,1.0,1.0,1.0,True,7,13,7,0.65
514,0.43,1.0,1.0,1.0,1.0,1.0,1.0,1.0,1.0,1.0,True,6,11,6,0.51
115,-0.59,0.995,1.0,1.0,1.0,1.0,1.0,1.0,1.0,1.0,True,9,17,9,0.77
315,0.78,1.0,1.0,1.0,1.0,1.0,1.0,1.0,1.0,1.0,True,5,9,5,0.39
515,0.51,1.005,0.995,1.0,1.0,1.0,1.0,1.0,1.0,1.0,True,5,9,5,0.45
116,0.67,1.0,1.0,1.0,1.0,1.0,1.0,1.0,1.0,1.0,True,6,11,6,0.51
316,0.605,0.99,0.995,1.0,1.0,1.0,1.0,1.0,1.0,1.0,True,5,9,5,0.41
516,,,,,,,,,,,False,-1,8279,4140,400.09
117,1.0,1.0,1.0,1.0,1.0,1.0,1.0,1.0,1.0,1.0,True,1,1,1,0.04
317,1.0,1.0,1.0,1.0,1.0,1.0,1.0,1.0,1.0,1.0,True,1,1,1,0.04
517,0.28,1.005,1.0,1.0,1.0,1.0,1.0,1.0,1.0,1.0,True,6,11,6,0.5
118,0.64,1.005,0.995,1.0,1.0,1.0,1.0,1.0,1.0,1.0,True,7,13,7,0.6
318,0.63,0.98,0.995,0.995,1.0,1.0,1.0,1.0,1.0,1.0,True,6,11,6,0.56
518,0.43,1.065,1.0,1.0,1.0,1.0,1.0,1.0,1.0,1.0,True,19,37,19,1.87
119,9.205,13.35,8.425,1.0,1.0,1.0,1.0,1.0,1.0,1.0,True,68,135,68,7.65
319,0.96,1.0,1.0,1.0,1.0,1.0,1.0,1.0,1.0,1.0,True,4,7,4,0.27
519,1.0,1.0,1.0,1.0,1.0,1.0,1.0,1.0,1.0,1.0,True,1,1,1,0.03
120,-0.515,0.96,1.0,1.0,1.0,1.0,1.0,1.0,1.0,1.0,True,10,19,10,0.69
320,1.0,1.0,1.0,1.0,1.0,1.0,1.0,1.0,1.0,1.0,True,3,5,3,0.17
520,0.86,1.0,1.0,1.0,1.0,1.0,1.0,1.0,1.0,1.0,True,4,7,4,0.23
121,,,,,,,,,,,False,-1,7735,3868,400.06
321,1.0,1.0,1.0,1.0,1.0,1.0,1.0,1.0,1.0,1.0,True,1,1,1,0.03
521,0.935,1.0,1.0,1.0,1.0,1.0,1.0,1.0,1.0,1.0,True,4,7,4,0.26
122,0.91,0.995,1.0,1.0,1.0,1.0,1.0,1.0,1.0,1.0,True,5,9,5,0.41
322,0.77,0.995,1.0,1.0,1.0,1.0,1.0,1.0,1.0,1.0,True,5,9,5,0.39
522,0.865,1.0,1.0,1.0,1.0,1.0,1.0,1.0,1.0,1.0,True,4,7,4,0.31
123,0.79,0.995,1.0,1.0,1.0,1.0,1.0,1.0,1.0,1.0,True,4,7,4,0.27
323,0.545,0.995,1.0,1.0,1.0,1.0,1.0,1.0,1.0,1.0,True,8,15,8,0.54
523,0.53,1.005,1.0,1.0,1.0,1.0,1.0,1.0,1.0,1.0,True,6,11,6,0.41
124,1.0,1.0,1.0,1.0,1.0,1.0,1.0,1.0,1.0,1.0,True,1,1,1,0.04
324,1.0,1.0,1.0,1.0,1.0,1.0,1.0,1.0,1.0,1.0,True,1,1,1,0.04
524,51.315,70.805,28.565,1.165,1.005,1.005,1.0,1.0,1.0,1.0,True,298,595,298,28.37
125,0.54,1.0,1.0,1.0,1.0,1.0,1.0,1.0,1.0,1.0,True,8,15,8,0.67
325,0.565,1.0,1.0,1.0,1.0,1.0,1.0,1.0,1.0,1.0,True,8,15,8,0.68
525,0.59,1.0,1.0,1.0,1.0,1.0,1.0,1.0,1.0,1.0,True,5,9,5,0.4
126,0.215,0.985,0.995,1.0,1.0,1.0,1.0,1.0,1.0,1.0,True,6,11,6,0.4
326,0.83,1.0,1.0,1.0,1.0,1.0,1.0,1.0,1.0,1.0,True,4,7,4,0.23
526,0.775,1.005,1.0,1.0,1.0,1.0,1.0,1.0,1.0,1.0,True,7,13,7,0.43
127,0.44,0.995,1.0,1.0,1.0,1.0,1.0,1.0,1.0,1.0,True,6,11,6,0.42
327,0.265,0.995,1.0,1.0,1.0,1.0,1.0,1.0,1.0,1.0,True,5,9,5,0.3
527,0.59,0.995,1.0,1.0,1.0,1.0,1.0,1.0,1.0,1.0,True,5,9,5,0.31
128,0.585,1.005,1.0,1.0,1.0,1.0,1.0,1.0,1.0,1.0,True,5,9,5,0.42
328,0.655,1.0,1.0,1.0,1.0,1.0,1.0,1.0,1.0,1.0,True,4,7,4,0.32
528,0.61,0.995,1.0,1.0,1.0,1.0,1.0,1.0,1.0,1.0,True,5,9,5,0.4
129,1.0,1.0,1.0,1.0,1.0,1.0,1.0,1.0,1.0,1.0,True,1,1,1,0.03
329,,,,,,,,,,,False,-1,8569,4285,400.0
529,1.0,1.0,1.0,1.0,1.0,1.0,1.0,1.0,1.0,1.0,True,1,1,1,0.03
130,0.645,0.99,1.0,1.0,1.0,1.0,1.0,1.0,1.0,1.0,True,6,11,6,0.49
330,0.335,1.0,1.0,1.0,1.0,1.0,1.0,1.0,1.0,1.0,True,6,11,6,0.53
530,1.0,1.0,1.0,1.0,1.0,1.0,1.0,1.0,1.0,1.0,True,1,1,1,0.04
131,0.49,1.0,1.0,1.0,1.0,1.0,1.0,1.0,1.0,1.0,True,6,11,6,0.51
331,0.555,1.0,1.0,1.0,1.0,1.0,1.0,1.0,1.0,1.0,True,6,11,6,0.49
531,-0.33,1.01,1.005,1.0,1.0,1.0,1.0,1.0,1.0,1.0,True,8,15,8,0.64
132,,,,,,,,,,,False,-1,8505,4253,400.09
332,1.0,1.0,1.0,1.0,1.0,1.0,1.0,1.0,1.0,1.0,True,1,1,1,0.03
532,0.595,0.995,1.0,1.0,1.0,1.0,1.0,1.0,1.0,1.0,True,8,15,8,0.51
133,1.0,1.0,1.0,1.0,1.0,1.0,1.0,1.0,1.0,1.0,True,1,1,1,0.04
333,0.395,1.0,1.0,1.0,1.0,1.0,1.0,1.0,1.0,1.0,True,6,11,6,0.47
533,0.73,1.0,1.005,1.0,1.0,1.0,1.0,1.0,1.0,1.0,True,4,7,4,0.33
134,0.215,1.0,1.0,1.0,1.0,1.0,1.0,1.0,1.0,1.0,True,7,13,7,0.57
334,1.0,1.0,1.0,1.0,1.0,1.0,1.0,1.0,1.0,1.0,True,1,1,1,0.04
534,1.0,1.0,1.0,1.0,1.0,1.0,1.0,1.0,1.0,1.0,True,1,1,1,0.04
135,0.205,0.98,1.0,1.0,1.0,1.0,1.0,1.0,1.0,1.0,True,6,11,6,0.52
335,0.63,1.0,1.0,1.0,1.0,1.0,1.0,1.0,1.0,1.0,True,6,11,6,0.48
535,0.685,0.965,0.99,1.0,1.0,1.0,1.0,1.0,1.0,1.0,True,8,15,8,0.72
136,1.0,1.0,1.0,1.0,1.0,1.0,1.0,1.0,1.0,1.0,True,1,1,1,0.04
336,0.675,1.01,1.005,1.0,1.0,1.0,1.0,1.0,1.0,1.0,True,5,9,5,0.41
536,0.65,0.995,1.0,1.0,1.0,1.0,1.0,1.0,1.0,1.0,True,4,7,4,0.31
137,1.0,1.0,1.0,1.0,1.0,1.0,1.0,1.0,1.0,1.0,True,1,1,1,0.04
337,0.595,0.99,0.995,1.0,1.0,1.0,1.0,1.0,1.0,1.0,True,6,11,6,0.51
537,0.29,0.975,0.995,1.0,1.0,1.0,1.0,1.0,1.0,1.0,True,7,13,7,0.6
138,-0.49,1.035,1.08,1.005,1.0,1.0,1.0,1.0,1.0,1.0,True,16,31,16,1.58
338,1.0,1.0,1.0,1.0,1.0,1.0,1.0,1.0,1.0,1.0,True,1,1,1,0.04
538,0.68,1.0,1.0,1.0,1.0,1.0,1.0,1.0,1.0,1.0,True,7,13,7,0.56
139,0.915,1.0,1.0,1.0,1.0,1.0,1.0,1.0,1.0,1.0,True,5,9,5,0.39
339,1.0,1.0,1.0,1.0,1.0,1.0,1.0,1.0,1.0,1.0,True,1,1,1,0.04
539,1.0,1.0,1.0,1.0,1.0,1.0,1.0,1.0,1.0,1.0,True,1,1,1,0.04
140,0.585,0.99,1.0,1.0,1.0,1.0,1.0,1.0,1.0,1.0,True,5,9,5,0.34
340,0.36,0.99,1.0,1.0,1.0,1.0,1.0,1.0,1.0,1.0,True,6,11,6,0.39
540,-0.665,0.985,1.0,1.0,1.0,1.0,1.0,1.0,1.0,1.0,True,9,17,9,0.61
141,0.575,1.015,1.0,1.0,1.0,1.0,1.0,1.0,1.0,1.0,True,8,15,8,0.67
341,0.75,1.005,1.0,1.0,1.0,1.0,1.0,1.0,1.0,1.0,True,6,11,6,0.48
541,1.0,1.0,1.0,1.0,1.0,1.0,1.0,1.0,1.0,1.0,True,1,1,1,0.04
142,0.495,0.96,1.0,1.0,1.0,1.0,1.0,1.0,1.0,1.0,True,35,69,35,3.3
342,,,,,,,,,,,False,-1,8463,4232,400.06
542,0.605,1.0,1.0,1.0,1.0,1.0,1.0,1.0,1.0,1.0,True,5,9,5,0.31
143,1.0,1.0,1.0,1.0,1.0,1.0,1.0,1.0,1.0,1.0,True,1,1,1,0.04
343,0.365,1.015,1.0,1.0,1.0,1.0,1.0,1.0,1.0,1.0,True,6,11,6,0.49
543,0.915,1.0,1.0,1.0,1.0,1.0,1.0,1.0,1.0,1.0,True,4,7,4,0.29
144,1.0,1.0,1.0,1.0,1.0,1.0,1.0,1.0,1.0,1.0,True,1,1,1,0.04
344,-19.62,-26.8,-11.375,0.92,0.99,1.0,1.0,1.0,1.0,1.0,True,106,211,106,11.03
544,0.21,1.0,1.0,1.0,1.0,1.0,1.0,1.0,1.0,1.0,True,8,15,8,0.54
145,,,,,,,,,,,False,-1,8361,4181,400.09
345,1.0,1.0,1.0,1.0,1.0,1.0,1.0,1.0,1.0,1.0,True,1,1,1,0.03
545,1.0,1.0,1.0,1.0,1.0,1.0,1.0,1.0,1.0,1.0,True,1,1,1,0.03
146,-0.885,0.945,0.995,1.0,1.0,1.0,1.0,1.0,1.0,1.0,True,12,23,12,1.03
346,0.82,1.0,1.0,1.0,1.0,1.0,1.0,1.0,1.0,1.0,True,4,7,4,0.31
546,0.385,1.0,1.0,1.0,1.0,1.0,1.0,1.0,1.0,1.0,True,5,9,5,0.38
147,-22.655,-34.5,-24.11,0.905,0.98,1.0,1.0,1.0,1.0,1.0,True,279,557,279,25.68
347,0.44,1.0,1.0,1.0,1.0,1.0,1.0,1.0,1.0,1.0,True,6,11,6,0.41
547,-0.165,0.99,1.0,1.0,1.0,1.0,1.0,1.0,1.0,1.0,True,8,15,8,0.5
148,0.37,1.0,1.005,1.0,1.0,1.0,1.0,1.0,1.0,1.0,True,6,11,6,0.4
348,0.45,1.005,1.0,1.0,1.0,1.0,1.0,1.0,1.0,1.0,True,5,9,5,0.31
548,0.995,1.0,1.0,1.0,1.0,1.0,1.0,1.0,1.0,1.0,True,2,3,2,0.09
149,0.66,1.0,1.0,1.0,1.0,1.0,1.0,1.0,1.0,1.0,True,5,9,5,0.4
349,0.69,1.0,1.0,1.0,1.0,1.0,1.0,1.0,1.0,1.0,True,4,7,4,0.31
549,0.79,1.0,1.0,1.0,1.0,1.0,1.0,1.0,1.0,1.0,True,5,9,5,0.39
150,0.78,0.99,0.995,1.0,1.0,1.0,1.0,1.0,1.0,1.0,True,5,9,5,0.4
350,0.245,1.0,1.0,1.0,1.0,1.0,1.0,1.0,1.0,1.0,True,6,11,6,0.45
550,,,,,,,,,,,False,-1,8515,4258,400.01
151,0.125,0.995,1.0,1.0,1.0,1.0,1.0,1.0,1.0,1.0,True,6,11,6,0.48
351,0.36,1.0,1.005,1.0,1.0,1.0,1.0,1.0,1.0,1.0,True,6,11,6,0.51
551,0.545,0.995,1.0,1.0,1.0,1.0,1.0,1.0,1.0,1.0,True,6,11,6,0.48
152,0.425,0.99,1.0,1.0,1.0,1.0,1.0,1.0,1.0,1.0,True,5,9,5,0.41
352,1.0,1.0,1.0,1.0,1.0,1.0,1.0,1.0,1.0,1.0,True,1,1,1,0.04
552,0.845,1.0,1.0,1.0,1.0,1.0,1.0,1.0,1.0,1.0,True,5,9,5,0.37
153,-0.915,0.3,1.01,1.0,1.0,1.0,1.0,1.0,1.0,1.0,True,23,45,23,1.95
353,,,,,,,,,,,False,-1,8507,4254,400.06
553,1.0,1.0,1.0,1.0,1.0,1.0,1.0,1.0,1.0,1.0,True,1,1,1,0.03
154,0.645,1.0,1.0,1.0,1.0,1.0,1.0,1.0,1.0,1.0,True,5,9,5,0.3
354,0.565,1.0,1.0,1.0,1.0,1.0,1.0,1.0,1.0,1.0,True,6,11,6,0.39
554,0.51,0.995,1.0,1.0,1.0,1.0,1.0,1.0,1.0,1.0,True,6,11,6,0.38
155,1.0,1.0,1.0,1.0,1.0,1.0,1.0,1.0,1.0,1.0,True,1,1,1,0.04
355,1.0,1.0,1.0,1.0,1.0,1.0,1.0,1.0,1.0,1.0,True,1,1,1,0.04
555,1.0,1.0,1.0,1.0,1.0,1.0,1.0,1.0,1.0,1.0,True,1,1,1,0.04
156,1.0,1.0,1.0,1.0,1.0,1.0,1.0,1.0,1.0,1.0,True,1,1,1,0.05
356,0.565,1.0,1.0,1.0,1.0,1.0,1.0,1.0,1.0,1.0,True,5,9,5,0.53
556,1.0,1.0,1.0,1.0,1.0,1.0,1.0,1.0,1.0,1.0,True,1,1,1,0.05
157,0.31,0.985,0.995,1.0,1.0,1.0,1.0,1.0,1.0,1.0,True,7,13,7,0.6
357,0.495,0.94,0.995,1.0,1.0,1.0,1.0,1.0,1.0,1.0,True,7,13,7,0.62
557,0.445,0.995,1.0,1.0,1.0,1.0,1.0,1.0,1.0,1.0,True,7,13,7,0.57
158,0.13,1.0,1.0,1.0,1.0,1.0,1.0,1.0,1.0,1.0,True,7,13,7,0.58
358,0.505,0.995,1.0,1.0,1.0,1.0,1.0,1.0,1.0,1.0,True,7,13,7,0.56
558,0.12,0.995,1.0,1.0,1.0,1.0,1.0,1.0,1.0,1.0,True,11,21,11,0.93
159,1.0,1.0,1.0,1.0,1.0,1.0,1.0,1.0,1.0,1.0,True,1,1,1,0.04
359,0.34,1.0,1.0,1.0,1.0,1.0,1.0,1.0,1.0,1.0,True,7,13,7,0.58
559,0.615,1.0,1.0,1.0,1.0,1.0,1.0,1.0,1.0,1.0,True,5,9,5,0.39
160,0.18,1.0,1.0,1.0,1.0,1.0,1.0,1.0,1.0,1.0,True,7,13,7,0.47
360,1.0,1.0,1.0,1.0,1.0,1.0,1.0,1.0,1.0,1.0,True,1,1,1,0.03
560,0.53,1.0,1.0,1.0,1.0,1.0,1.0,1.0,1.0,1.0,True,6,11,6,0.41
161,0.675,1.0,1.0,1.0,1.0,1.0,1.0,1.0,1.0,1.0,True,5,9,5,0.35
361,-0.08,0.98,0.995,1.0,1.0,1.0,1.0,1.0,1.0,1.0,True,10,19,10,0.83
561,-1.255,-0.665,0.98,1.0,1.0,1.0,1.0,1.0,1.0,1.0,True,26,51,26,2.6
162,0.54,1.005,1.0,1.0,1.0,1.0,1.0,1.0,1.0,1.0,True,11,21,11,0.86
362,0.39,1.0,1.0,1.0,1.0,1.0,1.0,1.0,1.0,1.0,True,6,11,6,0.38
562,1.0,1.0,1.0,1.0,1.0,1.0,1.0,1.0,1.0,1.0,True,1,1,1,0.03
163,0.755,1.0,1.0,1.0,1.0,1.0,1.0,1.0,1.0,1.0,True,6,11,6,0.36
363,0.765,1.005,1.0,1.0,1.0,1.0,1.0,1.0,1.0,1.0,True,8,15,8,0.55
563,,,,,,,,,,,False,-1,8639,4320,400.03
164,,,,,,,,,,,False,-1,8215,4108,400.05
364,,,,,,,,,,,False,-1,8493,4247,400.04
564,0.82,1.005,1.005,1.0,1.0,1.0,1.0,1.0,1.0,1.0,True,6,11,6,0.4
165,-3.305,-3.38,0.925,0.995,1.0,1.0,1.0,1.0,1.0,1.0,True,22,43,22,2.34
365,-0.415,1.01,1.0,1.0,1.0,1.0,1.0,1.0,1.0,1.0,True,10,19,10,0.91
565,0.925,0.995,1.0,1.0,1.0,1.0,1.0,1.0,1.0,1.0,True,6,11,6,0.52
166,0.675,0.985,1.0,1.0,1.0,1.0,1.0,1.0,1.0,1.0,True,6,11,6,0.52
366,0.375,1.0,1.0,1.0,1.0,1.0,1.0,1.0,1.0,1.0,True,6,11,6,0.51
566,0.675,1.0,1.0,1.0,1.0,1.0,1.0,1.0,1.0,1.0,True,6,11,6,0.47
167,0.43,1.005,0.995,1.0,1.0,1.0,1.0,1.0,1.0,1.0,True,6,11,6,0.53
367,0.105,0.93,0.99,1.0,1.0,1.0,1.0,1.0,1.0,1.0,True,8,15,8,0.71
567,0.26,0.98,0.995,1.0,1.0,1.0,1.0,1.0,1.0,1.0,True,8,15,8,0.73
168,0.93,0.985,0.995,1.0,1.0,1.0,1.0,1.0,1.0,1.0,True,4,7,4,0.33
368,0.23,0.98,1.0,1.0,1.0,1.0,1.0,1.0,1.0,1.0,True,12,23,12,1.03
568,1.0,1.0,1.0,1.0,1.0,1.0,1.0,1.0,1.0,1.0,True,1,1,1,0.04
169,0.85,1.0,1.0,1.0,1.0,1.0,1.0,1.0,1.0,1.0,True,4,7,4,0.33
369,1.0,1.0,1.0,1.0,1.0,1.0,1.0,1.0,1.0,1.0,True,1,1,1,0.04
569,0.635,1.005,1.0,1.0,1.0,1.0,1.0,1.0,1.0,1.0,True,4,7,4,0.32
170,0.665,1.005,1.0,1.0,1.0,1.0,1.0,1.0,1.0,1.0,True,5,9,5,0.41
370,0.475,1.0,1.0,1.0,1.0,1.0,1.0,1.0,1.0,1.0,True,6,11,6,0.48
570,0.14,0.985,1.0,1.0,1.0,1.0,1.0,1.0,1.0,1.0,True,6,11,6,0.49
171,,,,,,,,,,,False,-1,8425,4213,400.09
371,0.51,0.995,1.0,1.0,1.0,1.0,1.0,1.0,1.0,1.0,True,6,11,6,0.38
571,-0.015,0.97,0.99,1.0,1.0,1.0,1.0,1.0,1.0,1.0,True,9,17,9,0.59
172,0.825,1.0,1.0,1.0,1.0,1.0,1.0,1.0,1.0,1.0,True,5,9,5,0.39
372,0.415,1.01,1.005,1.0,1.0,1.0,1.0,1.0,1.0,1.0,True,5,9,5,0.41
572,0.68,1.045,1.005,1.0,1.0,1.0,1.0,1.0,1.0,1.0,True,7,13,7,0.67
173,17.125,24.91,13.89,1.075,1.015,1.0,1.0,1.0,1.0,1.0,True,212,423,212,17.84
373,1.0,1.0,1.0,1.0,1.0,1.0,1.0,1.0,1.0,1.0,True,1,1,1,0.03
573,1.0,1.0,1.0,1.0,1.0,1.0,1.0,1.0,1.0,1.0,True,1,1,1,0.03
174,0.905,1.0,1.0,1.0,1.0,1.0,1.0,1.0,1.0,1.0,True,4,7,4,0.24
374,0.995,1.0,1.0,1.0,1.0,1.0,1.0,1.0,1.0,1.0,True,2,3,2,0.1
574,0.755,1.0,1.0,1.0,1.0,1.0,1.0,1.0,1.0,1.0,True,5,9,5,0.31
175,0.81,1.0,1.0,1.0,1.0,1.0,1.0,1.0,1.0,1.0,True,4,7,4,0.3
375,1.0,1.0,1.0,1.0,1.0,1.0,1.0,1.0,1.0,1.0,True,1,1,1,0.04
575,0.525,1.0,1.0,1.0,1.0,1.0,1.0,1.0,1.0,1.0,True,5,9,5,0.39
176,-1.36,0.975,1.0,1.0,1.0,1.0,1.0,1.0,1.0,1.0,True,10,19,10,0.79
376,0.995,1.0,1.0,1.0,1.0,1.0,1.0,1.0,1.0,1.0,True,2,3,2,0.11
576,0.995,1.0,1.0,1.0,1.0,1.0,1.0,1.0,1.0,1.0,True,2,3,2,0.12
177,1.0,1.0,1.0,1.0,1.0,1.0,1.0,1.0,1.0,1.0,True,1,1,1,0.03
377,1.0,1.0,1.0,1.0,1.0,1.0,1.0,1.0,1.0,1.0,True,1,1,1,0.03
577,0.35,1.0,1.0,1.0,1.0,1.0,1.0,1.0,1.0,1.0,True,6,11,6,0.38
178,-25.175,-28.435,0.775,0.965,0.995,1.0,1.0,1.0,1.0,1.0,True,123,245,123,9.99
378,0.49,1.005,1.0,1.0,1.0,1.0,1.0,1.0,1.0,1.0,True,5,9,5,0.33
578,0.995,1.0,1.0,1.0,1.0,1.0,1.0,1.0,1.0,1.0,True,2,3,2,0.09
179,0.585,1.0,1.0,1.0,1.0,1.0,1.0,1.0,1.0,1.0,True,4,7,4,0.32
379,0.32,0.985,1.0,1.0,1.0,1.0,1.0,1.0,1.0,1.0,True,5,9,5,0.4
579,0.65,1.0,1.0,1.0,1.0,1.0,1.0,1.0,1.0,1.0,True,5,9,5,0.38
180,0.665,1.0,1.0,1.0,1.0,1.0,1.0,1.0,1.0,1.0,True,5,9,5,0.38
380,1.0,1.0,1.0,1.0,1.0,1.0,1.0,1.0,1.0,1.0,True,1,1,1,0.04
580,0.85,0.995,1.005,1.0,1.0,1.0,1.0,1.0,1.0,1.0,True,4,7,4,0.32
181,0.64,1.0,1.0,1.0,1.0,1.0,1.0,1.0,1.0,1.0,True,8,15,8,0.63
381,1.0,1.0,1.0,1.0,1.0,1.0,1.0,1.0,1.0,1.0,True,1,1,1,0.04
581,0.605,1.0,1.0,1.0,1.0,1.0,1.0,1.0,1.0,1.0,True,7,13,7,0.57
182,,,,,,,,,,,False,-1,8493,4247,400.09
382,0.205,0.995,1.0,1.0,1.0,1.0,1.0,1.0,1.0,1.0,True,6,11,6,0.36
582,1.0,1.0,1.0,1.0,1.0,1.0,1.0,1.0,1.0,1.0,True,1,1,1,0.03
183,0.615,1.0,1.0,1.0,1.0,1.0,1.0,1.0,1.0,1.0,True,6,11,6,0.37
383,1.0,1.0,1.0,1.0,1.0,1.0,1.0,1.0,1.0,1.0,True,1,1,1,0.03
583,0.81,1.0,1.0,1.0,1.0,1.0,1.0,1.0,1.0,1.0,True,5,9,5,0.3
184,0.815,0.965,0.985,0.995,1.0,1.0,1.0,1.0,1.0,1.0,True,5,9,5,0.44
384,0.715,0.995,1.0,1.0,1.0,1.0,1.0,1.0,1.0,1.0,True,4,7,4,0.3
584,7.915,9.64,1.11,1.015,1.005,1.0,1.0,1.0,1.0,1.0,True,68,135,68,6.86
185,0.145,1.0,1.0,1.0,1.0,1.0,1.0,1.0,1.0,1.0,True,7,13,7,0.43
385,0.65,1.0,1.0,1.0,1.0,1.0,1.0,1.0,1.0,1.0,True,4,7,4,0.23
585,0.48,1.0,1.0,1.0,1.0,1.0,1.0,1.0,1.0,1.0,True,6,11,6,0.41
186,1.0,1.0,1.0,1.0,1.0,1.0,1.0,1.0,1.0,1.0,True,1,1,1,0.04
386,0.195,0.98,1.0,1.0,1.0,1.0,1.0,1.0,1.0,1.0,True,6,11,6,0.5
586,,,,,,,,,,,False,-1,7681,3841,400.04
187,-0.54,0.98,0.995,1.0,1.0,1.0,1.0,1.0,1.0,1.0,True,8,15,8,0.57
387,1.0,1.0,1.0,1.0,1.0,1.0,1.0,1.0,1.0,1.0,True,1,1,1,0.03
587,,,,,,,,,,,False,-1,8475,4238,400.04
188,1.0,1.0,1.0,1.0,1.0,1.0,1.0,1.0,1.0,1.0,True,1,1,1,0.04
388,,,,,,,,,,,False,-1,8293,4147,400.01
588,1.0,1.0,1.0,1.0,1.0,1.0,1.0,1.0,1.0,1.0,True,1,1,1,0.03
189,0.555,0.35,0.99,0.995,1.0,1.0,1.0,1.0,1.0,1.0,True,15,29,15,1.65
389,0.63,0.985,0.995,1.0,1.0,1.0,1.0,1.0,1.0,1.0,True,5,9,5,0.42
589,0.27,1.0,1.0,1.0,1.0,1.0,1.0,1.0,1.0,1.0,True,8,15,8,0.65
190,1.0,1.0,1.0,1.0,1.0,1.0,1.0,1.0,1.0,1.0,True,1,1,1,0.04
390,0.74,1.0,1.0,1.0,1.0,1.0,1.0,1.0,1.0,1.0,True,5,9,5,0.38
590,,,,,,,,,,,False,-1,8475,4238,400.01
191,0.19,1.005,1.0,1.0,1.0,1.0,1.0,1.0,1.0,1.0,True,8,15,8,0.66
391,-0.25,0.93,0.985,0.995,1.0,1.0,1.0,1.0,1.0,1.0,True,9,17,9,0.8
591,-0.16,1.0,0.995,1.0,1.0,1.0,1.0,1.0,1.0,1.0,True,8,15,8,0.67
192,1.0,1.0,1.0,1.0,1.0,1.0,1.0,1.0,1.0,1.0,True,1,1,1,0.04
392,0.81,0.985,0.995,1.0,1.0,1.0,1.0,1.0,1.0,1.0,True,5,9,5,0.44
592,0.79,0.995,1.0,1.0,1.0,1.0,1.0,1.0,1.0,1.0,True,6,11,6,0.52
193,1.0,1.0,1.0,1.0,1.0,1.0,1.0,1.0,1.0,1.0,True,1,1,1,0.04
393,0.64,1.0,1.0,1.0,1.0,1.0,1.0,1.0,1.0,1.0,True,7,13,7,0.57
593,0.31,0.995,1.0,1.0,1.0,1.0,1.0,1.0,1.0,1.0,True,6,11,6,0.5
194,1.0,1.0,1.0,1.0,1.0,1.0,1.0,1.0,1.0,1.0,True,1,1,1,0.03
394,0.57,1.0,1.0,1.0,1.0,1.0,1.0,1.0,1.0,1.0,True,6,11,6,0.37
594,0.27,0.91,0.985,1.0,1.0,1.0,1.0,1.0,1.0,1.0,True,7,13,7,0.5
195,0.875,1.01,1.0,1.0,1.0,1.0,1.0,1.0,1.0,1.0,True,4,7,4,0.34
395,0.71,1.005,1.0,1.0,1.0,1.0,1.0,1.0,1.0,1.0,True,6,11,6,0.48
595,0.055,0.985,0.995,0.995,1.0,1.0,1.0,1.0,1.0,1.0,True,8,15,8,0.71
196,0.675,1.0,1.0,1.0,1.0,1.0,1.0,1.0,1.0,1.0,True,5,9,5,0.39
396,1.0,1.0,1.0,1.0,1.0,1.0,1.0,1.0,1.0,1.0,True,1,1,1,0.04
596,0.98,1.0,1.0,1.0,1.0,1.0,1.0,1.0,1.0,1.0,True,5,9,5,0.4
197,0.62,1.0,1.0,1.0,1.0,1.0,1.0,1.0,1.0,1.0,True,5,9,5,0.4
397,-14.34,-22.075,-17.995,0.91,0.985,0.995,1.0,1.0,1.0,1.0,True,161,321,161,17.61
597,1.0,1.0,1.0,1.0,1.0,1.0,1.0,1.0,1.0,1.0,True,1,1,1,0.03
198,0.565,0.99,1.0,1.0,1.0,1.0,1.0,1.0,1.0,1.0,True,7,13,7,0.45
398,0.85,0.995,1.0,1.0,1.0,1.0,1.0,1.0,1.0,1.0,True,5,9,5,0.34
598,1.0,1.0,1.0,1.0,1.0,1.0,1.0,1.0,1.0,1.0,True,1,1,1,0.03
199,0.925,1.0,1.0,1.0,1.0,1.0,1.0,1.0,1.0,1.0,True,4,7,4,0.23
399,0.655,1.0,1.0,1.0,1.0,1.0,1.0,1.0,1.0,1.0,True,6,11,6,0.36
599,0.36,0.99,1.0,1.0,1.0,1.0,1.0,1.0,1.0,1.0,True,7,13,7,0.45
